{"lastName":"Wood","addresses":[{"country":"US","city":"Needham Heights","postalCode":"02494","rel":"home","street1":"123countstreet","street2":"Apt54","state":"MA","preferred":false}],"altConfirmationNumber":"791208990","totalGuests":1,"totalAdults":1,"mobileKeyVendor":"assa","phoneNumbers":[{"number":"3367939477","rel":"mobile","preferred":true}],"bookingChannel":"OEDS$OWS","emailAddresses":[{"preferred":true,"email":"woodmd9728@mgmqa.com"}],"departureDateTime":"2019-08-09T04:17:00","arrivalDateTime":"2019-08-09T04:17:00","checkinAvailable":"2019-08-09T04:17:00","totalChildren":0,"propertyId":"e0f70eb3-7e27-4c33-8bcd-f30bf3b1103a","mobileKeyIdVerificationRequired":true,"resvNameId":780182373,"hotelId":285,"room":{"number":"08307","image":"https:\/\/8ebd8b3dcdf6d6f8887d-4d1e022461cbaa577307930af1386d20.ssl.cf2.rackcdn.com\/CT\/275MB\/room_types\/1345\/images\/original\/image20181019132334.png?1539955414","rates":[{"date":"2019-08-09T00:00+00:00","rate":188}],"typeId":1345,"type":"Resort King","roomId":85972,"occupied":false,"status":"dirty"},"firstName":"Esther","confirmationNumber":"791208990","guests":[{"firstName":"Esther","lastName":"Wood","isPrimary":true,"email":"woodmd9728@mgmqa.com"}],"mLifeNumber":79058940,"isSyncedToProfile":false,"paymentMethod":{"ccType":"MC","last4":"4444","name":"MGM QA","expiration":"2019-09","isCashPayment":false},"status":"checkedOut"}