{"lastName":"Hggfhftre","addresses":[{"country":"US","city":"Las Vegas","postalCode":"89109","rel":"home","street1":"123countstreet","street2":"Apt54","state":"NV","preferred":false}],"altConfirmationNumber":"M0313FF92","totalGuests":2,"totalAdults":2,"mobileKeyVendor":"assa","phoneNumbers":[{"number":"8778800880","rel":"mobile","preferred":true}],"bookingChannel":"mlife","emailAddresses":[{"preferred":true,"email":"hggfhftre306519504@qa.com"}],"departureDateTime":"2019-07-31T00:30:00","arrivalDateTime":"2019-07-30T01:00:00","checkinAvailable":"2019-07-30T01:00:00","totalChildren":0,"propertyId":"e0f70eb3-7e27-4c33-8bcd-f30bf3b1103a","mobileKeyIdVerificationRequired":true,"resvNameId":780167891,"hotelId":285,"room":{"image":"https:\/\/8ebd8b3dcdf6d6f8887d-4d1e022461cbaa577307930af1386d20.ssl.cf2.rackcdn.com\/CT\/275MB\/room_types\/1345\/images\/original\/image20181019132334.png?1539955414","rates":[{"date":"2019-07-30T00:00+00:00","rate":40},{"date":"2019-07-31T00:00+00:00","rate":0}],"typeId":1345,"type":"Resort King"},"firstName":"Gfhgfh","confirmationNumber":"791189707","guests":[{"firstName":"Gfhgfh","lastName":"Hggfhftre","isPrimary":true,"email":"hggfhftre186314842@qa.com"}],"mLifeNumber":77619480,"isSyncedToProfile":false,"paymentMethod":{"ccType":null,"last4":null,"name":null,"expiration":null,"isCashPayment":false},"status":"reserved"}