{"firstName":"Test3625057","lastName":"Qactes3625057","addresses":[{"country":"US","city":"Las Vegas","postalCode":"89109","rel":"home","street1":"123countstreet","state":"NV","street2":"Apt54","preferred":true}],"emailAddresses":[{"preferred":true,"email":"Automate67536250@qa.com"}],"idVerified":false,"loyalty":{"tier":"Sapphire","credits":0,"pointPlay":0,"freePlay":0,"expressComps":0,"expirationDate":null},"mLifeNumber":77778798,"dateOfBirth":"1988-12-31","freePlayValues":[{"siteId":"1","siteName":"The Mirage","freeplay":"0"},{"siteId":"3","siteName":"MGM Grand Las Vegas","freeplay":"0"},{"siteId":"4","siteName":"New York-New York Hotel & Casino","freeplay":"0"},{"siteId":"5","siteName":"MGM Grand Detroit","freeplay":"0"},{"siteId":"6","siteName":"Bellagio Hotel & Casino","freeplay":"0"},{"siteId":"8","siteName":"Beau Rivage Resort & Casino","freeplay":"0"},{"siteId":"9","siteName":"Mandalay Bay","freeplay":"0"},{"siteId":"10","siteName":"Park MGM","freeplay":"0"},{"siteId":"11","siteName":"Luxor Hotel & Casino","freeplay":"0"},{"siteId":"12","siteName":"Excalibur Hotel & Casino","freeplay":"0"},{"siteId":"14","siteName":"Gold Strike Casino Resort","freeplay":"0"},{"siteId":"16","siteName":"ARIA Resort & Casino","freeplay":"0"},{"siteId":"17","siteName":"Vdara Hotel & Spa","freeplay":"0"},{"siteId":"18","siteName":"MGM National Harbor","freeplay":"0"},{"siteId":"20","siteName":"MGM Springfield","freeplay":"0"},{"siteId":"24","siteName":"MGM Northfield Park","freeplay":"0"}],"isModifiable":true,"phoneNumbers":[{"number":"8778800880","rel":"mobile","preferred":true}],"caslOptIn":true}