{"availability":[{"dateTime":"2019-08-24T12:00","offset":"07:00:00","available":true},{"dateTime":"2019-08-24T12:15","offset":"07:00:00","available":true},{"dateTime":"2019-08-24T12:30","offset":"07:00:00","available":true},{"dateTime":"2019-08-24T12:45","offset":"07:00:00","available":true},{"dateTime":"2019-08-24T13:00","offset":"07:00:00","available":true},{"dateTime":"2019-08-24T13:15","offset":"07:00:00","available":true},{"dateTime":"2019-08-24T13:30","offset":"07:00:00","available":true},{"dateTime":"2019-08-24T13:45","offset":"07:00:00","available":true},{"dateTime":"2019-08-24T14:00","offset":"07:00:00","available":true},{"dateTime":"2019-08-24T14:15","offset":"07:00:00","available":true},{"dateTime":"2019-08-24T14:30","offset":"07:00:00","available":true},{"dateTime":"2019-08-24T17:00","offset":"07:00:00","available":true},{"dateTime":"2019-08-24T17:15","offset":"07:00:00","available":true},{"dateTime":"2019-08-24T17:30","offset":"07:00:00","available":true},{"dateTime":"2019-08-24T17:45","offset":"07:00:00","available":true},{"dateTime":"2019-08-24T18:00","offset":"07:00:00","available":true},{"dateTime":"2019-08-24T18:15","offset":"07:00:00","available":true},{"dateTime":"2019-08-24T18:30","offset":"07:00:00","available":true},{"dateTime":"2019-08-24T18:45","offset":"07:00:00","available":true},{"dateTime":"2019-08-24T19:00","offset":"07:00:00","available":true},{"dateTime":"2019-08-24T19:15","offset":"07:00:00","available":true},{"dateTime":"2019-08-24T19:30","offset":"07:00:00","available":true},{"dateTime":"2019-08-24T19:45","offset":"07:00:00","available":true},{"dateTime":"2019-08-24T20:00","offset":"07:00:00","available":true},{"dateTime":"2019-08-24T20:15","offset":"07:00:00","available":true},{"dateTime":"2019-08-24T20:30","offset":"07:00:00","available":true},{"dateTime":"2019-08-24T20:45","offset":"07:00:00","available":true},{"dateTime":"2019-08-24T21:00","offset":"07:00:00","available":true},{"dateTime":"2019-08-24T21:15","offset":"07:00:00","available":true},{"dateTime":"2019-08-24T21:30","offset":"07:00:00","available":true},{"dateTime":"2019-08-24T21:45","offset":"07:00:00","available":true},{"dateTime":"2019-08-24T22:00","offset":"07:00:00","available":true},{"dateTime":"2019-08-24T22:15","offset":"07:00:00","available":true},{"dateTime":"2019-08-24T22:45","offset":"07:00:00","available":true},{"dateTime":"2019-08-24T23:00","offset":"07:00:00","available":true}]}