{"lateCheckOut":{"times":[{"cost":"30.00","id":2487,"time":"2019-08-11T13:00"},{"cost":"50.00","id":2488,"time":"2019-08-11T15:00"},{"cost":"75.00","id":2489,"time":"2019-08-11T18:00"}],"allowed":false},"earlyCheckIn":{"times":[],"allowed":false},"roomUpgrade":{"allowed":true,"options":[{"cost":"20.00","name":"Resort King Strip View","id":1347,"media":[{"href":"https:\/\/8ebd8b3dcdf6d6f8887d-4d1e022461cbaa577307930af1386d20.ssl.cf2.rackcdn.com\/CT\/275MB\/room_types\/1347\/images\/original\/image20181019132411.png?1539955451","type":"img"}]},{"cost":"20.00","name":"Resort Queen Strip View","id":1352,"media":[{"href":"https:\/\/8ebd8b3dcdf6d6f8887d-4d1e022461cbaa577307930af1386d20.ssl.cf2.rackcdn.com\/CT\/275MB\/room_types\/1352\/images\/original\/image20181019132216.png?1539955336","type":"img"}]},{"cost":"20.00","name":"Elite King","id":1317,"media":[{"href":"https:\/\/8ebd8b3dcdf6d6f8887d-4d1e022461cbaa577307930af1386d20.ssl.cf2.rackcdn.com\/CT\/275MB\/room_types\/1317\/images\/original\/image20181018124722.png?1539866843","type":"img"}]},{"cost":"20.00","name":"Executive King","id":1318,"media":[{"href":"https:\/\/8ebd8b3dcdf6d6f8887d-4d1e022461cbaa577307930af1386d20.ssl.cf2.rackcdn.com\/CT\/275MB\/room_types\/1318\/images\/original\/image20181019140920.png?1539958160","type":"img"}]},{"cost":"100.00","name":"Hospitality Suite","id":1320,"media":[{"href":"https:\/\/8ebd8b3dcdf6d6f8887d-4d1e022461cbaa577307930af1386d20.ssl.cf2.rackcdn.com\/CT\/275MB\/room_types\/1320\/images\/original\/image20181019135333.png?1539957213","type":"img"}]},{"cost":"100.00","name":"Panoramic 2 Bdrm - King","id":1330,"media":[{"href":"https:\/\/8ebd8b3dcdf6d6f8887d-4d1e022461cbaa577307930af1386d20.ssl.cf2.rackcdn.com\/CT\/275MB\/room_types\/1330\/images\/original\/image20181018123833.png?1539866313","type":"img"}]},{"cost":"100.00","name":"Panoramic 2 Bdrm - Queen","id":1331,"media":[{"href":"https:\/\/8ebd8b3dcdf6d6f8887d-4d1e022461cbaa577307930af1386d20.ssl.cf2.rackcdn.com\/CT\/275MB\/room_types\/1331\/images\/original\/image20181019133659.png?1539956219","type":"img"}]}]}}